<modification>
	<name>Export/Import Tool (V2.31) for OpenCart 2.x</name>
	<code>Export/Import Tool (V2.31) for OpenCart 2.x</code>
	<version>2.x-2.31</version>
	<author>mhccorp.com</author>
	<file path="admin/controller/common/menu.php">
		<operation>
			<search><![CDATA[$data['text_backup'] = $this->language->get('text_backup');]]></search>
			<add position="after">
				<![CDATA[
				$data['text_export_import'] = $this->language->get('text_export_import');
				]]>
			</add>
		</operation>
		<operation>
			<search><![CDATA[$data['backup'] = $this->url->link('tool/backup', 'token=' . $this->session->data['token'],]]></search>
			<add position="after">
				<![CDATA[
				$data['export_import'] = $this->url->link('tool/export_import', 'token=' . $this->session->data['token'], true);
				]]>
			</add>
		</operation>
	</file>
	<file path="admin/language/*/common/menu.php">
		<operation>
			<search><![CDATA[$_['text_backup']]]></search>
			<add position="after"><![CDATA[
				$_['text_export_import'] = 'Export / Import';
				]]>
			</add>
		</operation>
	</file>
	<file path="admin/view/template/common/menu.tpl">
		<operation>
			<search><![CDATA[<li><a href="<?php echo $backup; ?>"><?php echo $text_backup; ?></a></li>]]></search>
			<add position="replace">
				<![CDATA[<li><a href="<?php echo $backup; ?>"><?php echo $text_backup; ?></a></li><li><a href="<?php echo $export_import; ?>"><?php echo $text_export_import; ?></a></li>
				]]>
			</add>
		</operation>
	</file>
</modification>
