<?xml version="1.0" encoding="utf-8"?>
<modification>
	<name>TemplateMonster Labels</name>
	<version>1.0</version>
	<author>http://www.templatemonster.com</author>
	<link>http://www.templatemonster.com</link>
	<code>TemplateMonster_labels</code>
	<!-- real things -->
	<file path="catalog/controller/product/{category,product,search,special}.php|catalog/controller/module/{special,latest,bestseller}.php">
		<operation>
			<search index="0"><![CDATA[$data['text_]]></search>
			<add position="after">
				<![CDATA[
				$data['text_sale'] = $this->language->get('text_sale');
				$data['text_new'] = $this->language->get('text_new');
				]]>
			</add>
		</operation>
		<operation>
			<search><![CDATA[$data['products'] = array();]]></search>
			<add position="before">
				<![CDATA[
				$data['label_sale'] = $this->config->get('config_label_sale');
				$data['label_discount'] = $this->config->get('config_label_discount');
				$data['label_new'] = $this->config->get('config_label_new');
				if ($this->config->get('config_label_new')) {
				$product_new = $this->model_catalog_product->getLatestProducts($this->config->get('config_label_new_limit'));
				}
				]]>
			</add>
		</operation>
		<operation>
			<search><![CDATA[$special = $this->currency->format]]></search>
			<add position="after">
				<![CDATA[
				$label_discount = '-' . (int)(100 - ($result['special'] * 100 / $result['price'])) . '%';
				]]>
			</add>
		</operation>
		<operation>
			<search><![CDATA[$special = false;]]></search>
			<add position="after">
				<![CDATA[
				$label_discount = false;
				]]>
			</add>
		</operation>
		<operation>
			<search><![CDATA['special'     => $special,]]></search>
			<add position="after">
				<![CDATA[
				'label_discount' => $label_discount,
				'label_new' => $this->config->get('config_label_new') ? $label_new : 0,
				]]>
			</add>
		</operation>
		<operation>
			<search><![CDATA[if ($result['image']) {]]></search>
			<add position="before">
				<![CDATA[
				if ($this->config->get('config_label_new')) {
				$label_new = 0;
				foreach ($product_new as $product_new_id => $product) {
				if ($product_new[$product_new_id]['product_id'] == $result['product_id']) {
				$label_new = 1;
				break;
				}
				}
				}
				]]>
			</add>
		</operation>
	</file>
	<!-- featured -->
	<file path="catalog/controller/module/featured.php">
		<operation>
			<search index="0"><![CDATA[$data['text_]]></search>
			<add position="after">
				<![CDATA[
				$data['text_sale'] = $this->language->get('text_sale');
				$data['text_new'] = $this->language->get('text_new');
				]]>
			</add>
		</operation>
		<operation>
			<search><![CDATA[$data['products'] = array();]]></search>
			<add position="after">
				<![CDATA[
				$data['label_sale'] = $this->config->get('config_label_sale');
				$data['label_discount'] = $this->config->get('config_label_discount');
				$data['label_new'] = $this->config->get('config_label_new');
				]]>
			</add>
		</operation>
		<operation>
			<search><![CDATA[$special = $this->currency->format]]></search>
			<add position="after">
				<![CDATA[
				$label_discount = '-' . (int)(100 - ($product_info['special'] * 100 / $product_info['price'])) . '%';
				]]>
			</add>
		</operation>
		<operation>
			<search><![CDATA[$special = false;]]></search>
			<add position="after">
				<![CDATA[
				$label_discount = false;
				]]>
			</add>
		</operation>
		<operation>
			<search><![CDATA['special'     => $special,]]></search>
			<add position="after">
				<![CDATA[
				'label_discount' => $label_discount,
				'label_new' => $this->config->get('config_label_new') ? $label_new : 0,
				]]>
			</add>
		</operation>
		<operation>
			<search><![CDATA[$products = array_slice($setting['product'], 0, (int)$setting['limit']);]]></search>
			<add position="after">
				<![CDATA[
				if ($this->config->get('config_label_new')) {
				$product_new = $this->model_catalog_product->getLatestProducts($this->config->get('config_label_new_limit'));
				}
				]]>
			</add>
		</operation>
		<operation>
			<search><![CDATA[$product_info = $this->model_catalog_product->getProduct($product_id);]]></search>
			<add position="after">
				<![CDATA[
				if ($this->config->get('config_label_new')) {
				$label_new = 0;
				foreach ($product_new as $product_new_id => $product) {
				if ($product_new[$product_new_id]['product_id'] == $product_id) {
				$label_new = 1;
				break;
				}
				}
				}
				]]>
			</add>
		</operation>
	</file>
	<!-- manufacturer -->
	<file path="catalog/controller/product/manufacturer.php">
		<operation>
			<search><![CDATA[$data['heading_title'] = $manufacturer_info['name'];]]></search>
			<add position="after">
				<![CDATA[
				$data['text_sale'] = $this->language->get('text_sale');
				$data['text_new'] = $this->language->get('text_new');
				]]>
			</add>
		</operation>
		<operation>
			<search><![CDATA[$data['products'] = array();]]></search>
			<add position="before">
				<![CDATA[
				$data['label_sale'] = $this->config->get('config_label_sale');
				$data['label_discount'] = $this->config->get('config_label_discount');
				if ($this->config->get('config_label_new')) {
				$product_new = $this->model_catalog_product->getLatestProducts($this->config->get('config_label_new_limit'));
				}
				]]>
			</add>
		</operation>
		<operation>
			<search><![CDATA[$special = $this->currency->format]]></search>
			<add position="after">
				<![CDATA[
				$label_discount = '-' . (int)(100 - ($result['special'] * 100 / $result['price'])) . '%';
				]]>
			</add>
		</operation>
		<operation>
			<search><![CDATA[$special = false;]]></search>
			<add position="after">
				<![CDATA[
				$label_discount = false;
				]]>
			</add>
		</operation>
		<operation>
			<search><![CDATA['special'     => $special,]]></search>
			<add position="after">
				<![CDATA[
				'label_discount' => $label_discount,
				'label_new' => $this->config->get('config_label_new') ? $label_new : 0,
				]]>
			</add>
		</operation>
		<operation>
			<search><![CDATA[if ($result['image']) {]]></search>
			<add position="before">
				<![CDATA[
				if ($this->config->get('config_label_new')) {
				$label_new = 0;
				foreach ($product_new as $product_new_id => $product) {
				if ($product_new[$product_new_id]['product_id'] == $result['product_id']) {
				$label_new = 1;
				break;
				}
				}
				}
				]]>
			</add>
		</operation>
	</file>
	<!-- language -->
	<file path="catalog/language/en-gb/product/{category,manufacturer,product,search,special}.php|catalog/language/en-gb/module/{featured,special,latest,bestseller}.php">
		<operation>
			<search index="0"><![CDATA[$_['text_]]></search>
			<add position="after">
				<![CDATA[
				$_['text_sale']      = 'Sale';
				$_['text_new'] = 'New';
				]]>
			</add>
		</operation>
	</file>
	<file path="catalog/language/de-DE/product/{category,manufacturer,product,search,special}.php|catalog/language/de-DE/module/{featured,special,latest,bestseller}.php">
		<operation>
			<search index="0"><![CDATA[$_['text_]]></search>
			<add position="after">
				<![CDATA[
				$_['text_sale']      = 'Verkauf';
				$_['text_new'] = 'Neu';
				]]>
			</add>
		</operation>
	</file>
	<file path="catalog/language/ru-ru/product/{category,manufacturer,product,search,special}.php|catalog/language/ru-ru/module/{featured,special,latest,bestseller}.php">
		<operation>
			<search index="0"><![CDATA[$_['text_]]></search>
			<add position="after">
				<![CDATA[
				$_['text_sale']      = 'Скидка';
				$_['text_new'] = 'Новый';
				]]>
			</add>
		</operation>
	</file>
	<!-- admin panel -->
	<file path="admin/view/template/setting/setting.tpl">
		<operation>
			<search><![CDATA[<legend><?php echo $text_product; ?></legend>]]></search>
			<add position="after">
				<![CDATA[
				<div class="form-group">
					<label class="col-sm-2 control-label"><span data-toggle="tooltip" title="<?php echo $help_label_sale; ?>"><?php echo $entry_label_sale; ?></span></label>
					<div class="col-sm-10">
						<label class="radio-inline">
							<?php if ($config_label_sale) { ?>
							<input type="radio" name="config_label_sale" value="1" checked="checked" />
							<?php echo $text_yes; ?>
							<?php } else { ?>
							<input type="radio" name="config_label_sale" value="1" />
							<?php echo $text_yes; ?>
							<?php } ?>
						</label>
						<label class="radio-inline">
							<?php if (!$config_label_sale) { ?>
							<input type="radio" name="config_label_sale" value="0" checked="checked" />
							<?php echo $text_no; ?>
							<?php } else { ?>
							<input type="radio" name="config_label_sale" value="0" />
							<?php echo $text_no; ?>
							<?php } ?>
						</label>
					</div>
				</div>
				<div class="form-group">
					<label class="col-sm-2 control-label"><span data-toggle="tooltip" title="<?php echo $help_label_discount; ?>"><?php echo $entry_label_discount; ?></span></label>
					<div class="col-sm-10">
						<label class="radio-inline">
							<?php if ($config_label_discount) { ?>
							<input type="radio" name="config_label_discount" value="1" checked="checked" />
							<?php echo $text_yes; ?>
							<?php } else { ?>
							<input type="radio" name="config_label_discount" value="1" />
							<?php echo $text_yes; ?>
							<?php } ?>
						</label>
						<label class="radio-inline">
							<?php if (!$config_label_discount) { ?>
							<input type="radio" name="config_label_discount" value="0" checked="checked" />
							<?php echo $text_no; ?>
							<?php } else { ?>
							<input type="radio" name="config_label_discount" value="0" />
							<?php echo $text_no; ?>
							<?php } ?>
						</label>
					</div>
				</div>
				<div class="form-group">
					<label class="col-sm-2 control-label"><span data-toggle="tooltip" title="<?php echo $help_label_new; ?>"><?php echo $entry_label_new; ?></span></label>
					<div class="col-sm-10">
						<label class="radio-inline">
							<?php if ($config_label_new) { ?>
							<input type="radio" name="config_label_new" value="1" checked="checked" />
							<?php echo $text_yes; ?>
							<?php } else { ?>
							<input type="radio" name="config_label_new" value="1" />
							<?php echo $text_yes; ?>
							<?php } ?>
						</label>
						<label class="radio-inline">
							<?php if (!$config_label_new) { ?>
							<input type="radio" name="config_label_new" value="0" checked="checked" />
							<?php echo $text_no; ?>
							<?php } else { ?>
							<input type="radio" name="config_label_new" value="0" />
							<?php echo $text_no; ?>
							<?php } ?>
						</label>
					</div>
				</div>
				<div class="form-group required label-new-option <?php echo $config_label_new ? '' : 'hidden'; ?>">
					<label class="col-sm-2 control-label" for="input-label_new_limit">
						<?php echo $entry_label_new_limit; ?>
					</label>
					<div class="col-sm-10">
						<input type="text" name="config_label_new_limit" value="<?php echo $config_label_new_limit; ?>" placeholder="<?php echo $entry_label_new_limit; ?>" id="input-label_new_limit" class="form-control" />
						<?php if ($error_label_new_limit) { ?>
						<div class="text-danger">
							<?php echo $error_label_new_limit; ?>
						</div>
						<?php } ?>
					</div>
				</div>
				]]>
			</add>
		</operation>
		<operation>
			<search><![CDATA[<?php echo $footer; ?>]]></search>
			<add position="before">
				<![CDATA[
				<script type="text/javascript">
					$(document).ready(function(){
					$('[name=\'config_label_new\']').on('click', function(){
					toggle($(this), "1", $('.label-new-option'));
					});
					});
					function toggle(e1, v, e2){
					if (e1.val() == v) {
					e2.removeClass('hidden');
					} else {
					e2.addClass('hidden');
					}
					}
				</script>
				]]>
			</add>
		</operation>
	</file>
	<file path="admin/controller/setting/setting.php">
		<operation>
			<search><![CDATA[if (isset($this->request->post['config_name'])) {]]></search>
			<add position="before">
				<![CDATA[
				if (isset($this->request->post['config_label_sale'])) {
				$data['config_label_sale'] = $this->request->post['config_label_sale'];
				} else {
				$data['config_label_sale'] = $this->config->get('config_label_sale');
				}
				if (isset($this->request->post['config_label_discount'])) {
				$data['config_label_discount'] = $this->request->post['config_label_discount'];
				} else {
				$data['config_label_discount'] = $this->config->get('config_label_discount');
				}
				if (isset($this->request->post['config_label_new'])) {
				$data['config_label_new'] = $this->request->post['config_label_new'];
				} else {
				$data['config_label_new'] = $this->config->get('config_label_new');
				}
				if (isset($this->request->post['config_label_new_limit'])) {
				$data['config_label_new_limit'] = $this->request->post['config_label_new_limit'];
				} else {
				$data['config_label_new_limit'] = $this->config->get('config_label_new_limit');
				}
				]]>
			</add>
		</operation>
		<operation>
			<search><![CDATA[if (isset($this->error['name'])) {]]></search>
			<add position="before">
				<![CDATA[
				if (isset($this->error['label_new_limit'])) {
				$data['error_label_new_limit'] = $this->error['label_new_limit'];
				} else {
				$data['error_label_new_limit'] = '';
				}
				]]>
			</add>
		</operation>
		<operation>
			<search><![CDATA[if (!$this->user->hasPermission('modify', 'setting/setting')) {]]></search>
			<add position="before">
				<![CDATA[
				if ($this->request->post['config_label_new'] && (!is_numeric($this->request->post['config_label_new_limit']) || $this->request->post['config_label_new_limit'] < 1)) {
				$this->error['label_new_limit'] = $this->language->get('error_label_new_limit');
				}
				]]>
			</add>
		</operation>
		<operation>
			<search><![CDATA[$data['entry_status']]]></search>
			<add position="before">
				<![CDATA[
				$data['entry_label_sale'] = $this->language->get('entry_label_sale');
				$data['entry_label_discount'] = $this->language->get('entry_label_discount');
				$data['entry_label_new'] = $this->language->get('entry_label_new');
				$data['entry_label_new_limit'] = $this->language->get('entry_label_new_limit');
				]]>
			</add>
		</operation>
		<operation>
			<search><![CDATA[$data['help_compression'] = $this->language->get('help_compression');]]></search>
			<add position="after">
				<![CDATA[
				$data['help_label_sale'] = $this->language->get('help_label_sale');
				$data['help_label_discount'] = $this->language->get('help_label_discount');
				$data['help_label_new'] = $this->language->get('help_label_new');
				]]>
			</add>
		</operation>
	</file>
	<file path="admin/language/en-gb/setting/setting.php">
		<operation>
			<search><![CDATA[$_['entry_status']]]></search>
			<add position="before">
				<![CDATA[
				$_['entry_label_sale'] = 'Show Label Sale';
				$_['entry_label_discount'] = 'Show label Discount';
				$_['entry_label_new'] = 'Show label New';
				$_['entry_label_new_limit'] = 'label new limit';
				]]>
			</add>
		</operation>
		<operation>
			<search><![CDATA[$_['help_compression']]]></search>
			<add position="after">
				<![CDATA[
				$_['help_label_sale'] = 'Show Label Sale';
				$_['help_label_discount'] = 'Show label Discount';
				$_['help_label_new'] = 'Show label New';
				]]>
			</add>
		</operation>
		<operation>
			<search index="0"><![CDATA[$_['entry_error_]]></search>
			<add position="after">
				<![CDATA[
				$_['error_label_new_limit']              = 'label new limit must be numeric and > 0';
				]]>
			</add>
		</operation>
	</file>
</modification>