<?xml version="1.0" encoding="utf-8"?>
<modification>
	<name>TemplateMonster Footer</name>
	<version>1.0</version>
	<author>http://www.templatemonster.com</author>
	<link>http://www.templatemonster.com</link>
	<code>TemplateMonster_footer</code>
	<!-- catalog -->
	<file path="catalog/controller/common/footer.php">
		<operation>
			<search><![CDATA[$data['text_newsletter'] = $this->language->get('text_newsletter');]]></search>
			<add position="after">
				<![CDATA[
				$data['text_telephone'] = $this->language->get('text_telephone');
				$data['text_fax'] = $this->language->get('text_fax');
				$data['text_email'] = $this->language->get('text_email');
				]]>
			</add>
		</operation>
		<operation>
			<search><![CDATA[$data['newsletter'] = $this->url->link('account/newsletter', '', true);]]></search>
			<add position="after">
				<![CDATA[
				$data['address'] = nl2br($this->config->get('config_address'));
				$data['telephone'] = $this->config->get('config_telephone');
				$data['fax'] = $this->config->get('config_fax');
				$data['email'] = $this->config->get('config_email');
				$data['geocode'] = $this->config->get('config_geocode');
				$data['open'] = $this->config->get('config_open');
				]]>
			</add>
		</operation>
	</file>
	<!-- languages -->
	<file path="catalog/language/en-gb/common/footer.php">
		<operation error="skip">
			<search><![CDATA[$_['text_powered']]]></search>
			<add position="after">
				<![CDATA[
				$_['text_telephone'] = 'telephone:';
				$_['text_fax'] = 'fax:';
				$_['text_email'] = 'e-mail:';
				]]>
			</add>
		</operation>
	</file>
</modification>