<?xml version="1.0" encoding="utf-8"?>
<modification>
	<name>TemplateMonster Positions</name>
	<version>1.0</version>
	<author>http://www.templatemonster.com</author>
	<link>http://www.templatemonster.com</link>
	<code>TemplateMonster_positions</code>
	<!-- catalog -->
	<file path="catalog/controller/common/home.php">
		<operation>
			<search><![CDATA[$data['content_top'] = $this->load->controller('common/content_top');]]></search>
			<add position="after">
				<![CDATA[
				$data['top'] = $this->load->controller('common/top');
				$data['bottom'] = $this->load->controller('common/bottom');
				]]>
			</add>
		</operation>
	</file>
	<file path="catalog/controller/common/footer.php">
		<operation>
			<search><![CDATA[$data['newsletter'] = $this->url->link('account/newsletter', '', true);]]></search>
			<add position="after">
				<![CDATA[
				$data['footer_top'] = $this->load->controller('common/footer_top');
				$data['bottom'] = $this->load->controller('common/bottom');
				]]>
			</add>
		</operation>
	</file>
	<file path="catalog/controller/common/header.php">
		<operation>
			<search><![CDATA[$data['base'] = $server;]]></search>
			<add position="before">
				<![CDATA[
				$data['header_top'] = $this->load->controller('common/header_top');
				$data['navigation'] = $this->load->controller('common/navigation');
				]]>
			</add>
		</operation>
	</file>
	<!-- admin -->
	<file path="admin/view/template/design/layout_form.tpl">
		<operation>
			<search><![CDATA[<?php if ($layout_module['position'] == 'content_top') { ?>]]></search>
			<add position="before">
				<![CDATA[
				<?php if ($layout_module['position'] == 'top') { ?>
				<option value="top" selected="selected"><?php echo $text_top; ?></option>
				<?php } else { ?>
				<option value="top"><?php echo $text_top; ?></option>
				<?php } ?>
				<?php if ($layout_module['position'] == 'footer_top') { ?>
				<option value="footer_top" selected="selected"><?php echo $text_footer_top; ?></option>
				<?php } else { ?>
				<option value="footer_top"><?php echo $text_footer_top; ?></option>
				<?php } ?>
				<?php if ($layout_module['position'] == 'header_top') { ?>
				<option value="header_top" selected="selected"><?php echo $text_header_top; ?></option>
				<?php } else { ?>
				<option value="header_top"><?php echo $text_header_top; ?></option>
				<?php } ?>
				<?php if ($layout_module['position'] == 'bottom') { ?>
				<option value="bottom" selected="selected"><?php echo $text_bottom; ?></option>
				<?php } else { ?>
				<option value="bottom"><?php echo $text_bottom; ?></option>
				<?php } ?>
				<?php if ($layout_module['position'] == 'navigation') { ?>
				<option value="navigation" selected="selected"><?php echo $text_navigation; ?></option>
				<?php } else { ?>
				<option value="navigation"><?php echo $text_navigation; ?></option>
				<?php } ?>
				]]>
			</add>
		</operation>
		<operation>
			<search><![CDATA[html += '    <option value="content_top"><?php echo $text_content_top; ?></option>';]]></search>
			<add position="after">
				<![CDATA[
				html += '    <option value="top"><?php echo $text_top; ?></option>';
				html += '    <option value="footer_top"><?php echo $text_footer_top; ?></option>';
				html += '    <option value="header_top"><?php echo $text_header_top; ?></option>';
				html += '    <option value="bottom"><?php echo $text_bottom; ?></option>';
				html += '    <option value="navigation"><?php echo $text_navigation; ?></option>';
				]]>
			</add>
		</operation>
	</file>
	<file path="admin/controller/design/layout.php">
		<operation>
			<search><![CDATA[$data['text_content_top'] = $this->language->get('text_content_top');]]></search>
			<add position="after">
				<![CDATA[
				$data['text_top'] = $this->language->get('text_top');
				$data['text_footer_top'] = $this->language->get('text_footer_top');
				$data['text_header_top'] = $this->language->get('text_header_top');
				$data['text_bottom'] = $this->language->get('text_bottom');
				$data['text_navigation'] = $this->language->get('text_navigation');
				]]>
			</add>
		</operation>
	</file>
	<!-- admin language -->
	<file path="admin/language/en-gb/design/layout.php">
		<operation>
			<search><![CDATA[$_['text_content_top']    = 'Content Top';]]></search>
			<add position="after">
				<![CDATA[
				$_['text_top']    = 'Top';
				$_['text_footer_top']    = 'Footer';
				$_['text_header_top']    = 'Header';
				$_['text_bottom']    = 'Bottom';
				$_['text_navigation']    = 'Navigation';
				]]>
			</add>
		</operation>
	</file>
</modification>