<?xml version="1.0" encoding="utf-8"?>
<modification>
	<name>TemplateMonster Live search</name>
	<version>1.0</version>
	<author>http://www.templatemonster.com</author>
	<link>http://www.templatemonster.com</link>
	<code>TemplateMonster_live_search</code>
	<file path="catalog/controller/product/search.php">
		<operation>
			<search><![CDATA[class ControllerProductSearch extends Controller {]]></search>
			<add  position="after">
				<![CDATA[
				public function ajax() {
					$data = array();
					if( isset($this->request->get['keyword']) ) {
						$keywords = strtolower($this->request->get['keyword']);
						if(strlen($keywords) >= 3) {
							$parts = explode(' ', $keywords);
							$this->load->model('catalog/product');
							$data = $this->model_catalog_product->AjaxGetProduct($parts);
							if($data) {
								$this->load->model('tool/image');
								$basehref = 'product/product&keyword=' . $this->request->get['keyword'] . '&product_id=';
								foreach($data as $key => $values) {
									if ( $values['image'] ) {
										$image = $this->model_tool_image->resize($values['image'], $this->config->get('theme_default_image_cart_width'), $this->config->get('theme_default_image_cart_height'));
									}
									else {
										$image = $this->model_tool_image->resize('no_image.jpg', $this->config->get('theme_default_image_cart_width'), $this->config->get('theme_default_image_cart_height'));
									}
									$data[$key] = array(
										'name' => htmlspecialchars_decode($values['name'] . ' (' . $values['model'] . ')', ENT_QUOTES),
										'href' => $this->url->link($basehref . $values['product_id']),
										'image' =>$image
										);
								}
							}
						}
					}
					echo json_encode($data);
				}
				]]>
			</add>
		</operation>
	</file>
	<file path="catalog/model/catalog/product.php">
		<operation>
			<search><![CDATA[public function getProduct($product_id) {]]></search>
			<add  position="before">
				<![CDATA[
				public function AjaxGetProduct($parts) {
					$add = '';
						foreach ($parts as $part) {
						$add .= ' AND (LOWER(pd.name) LIKE "%' . $this->db->escape($part) . '%"';
						$add .= ' OR LOWER(p.model) LIKE "%' . $this->db->escape($part) . '%")';
					}
					$add = substr($add, 4);
					$sql = 'SELECT pd.product_id, pd.name, p.model, p.image FROM ' . DB_PREFIX . 'product_description AS pd ';
					$sql .= 'LEFT JOIN ' . DB_PREFIX . 'product AS p ON p.product_id = pd.product_id ';
					$sql .= 'LEFT JOIN ' . DB_PREFIX . 'product_to_store AS p2s ON p2s.product_id = pd.product_id ';
					$sql .= 'WHERE ' . $add . ' AND p.status = 1 ';
					$sql .= 'AND pd.language_id = ' . (int)$this->config->get('config_language_id');
					$sql .= ' AND p2s.store_id =  ' . (int)$this->config->get('config_store_id'); 
					$sql .= ' ORDER BY p.sort_order ASC, LOWER(pd.name) ASC, LOWER(p.model) ASC';
					$sql .= ' LIMIT 15';
					if (isset($this->db->query($sql)->rows)) {
						return $this->db->query($sql)->rows;
					} elseif (isset($this->db->query($sql)->row)) {
						return $this->db->query($sql)->row;
					} else {
						return false;
					}
				}
				]]>
			</add>
		</operation>
	</file>
</modification>