<?xml version="1.0" encoding="utf-8"?>
<modification>
	<name>TemplateMonster Header</name>
	<version>1.0</version>
	<author>http://www.templatemonster.com</author>
	<link>http://www.templatemonster.com</link>
	<code>TemplateMonster_header</code>
	<file path="catalog/controller/common/header.php">
		<operation>
			<search><![CDATA[$data['text_all'] = $this->language->get('text_all');]]></search>
			<add position="before"><![CDATA[
				$data['text_compare'] = sprintf($this->language->get('text_compare'), (isset($this->session->data['compare']) ? count($this->session->data['compare']) : 0));
				$data['call_us'] = $this->language->get('call_us');
				$data['logo_desc'] = $this->language->get('logo_desc');
				$data['login_form_title'] = $this->language->get('login_form_title');
				$data['login_form'] = $this->load->controller('module/tm_header_login');
				$data['login_register'] = $this->language->get('login_register');
				]]>
			</add>
		</operation>
		<operation>
			<search><![CDATA[$data['telephone'] = $this->config->get('config_telephone');]]></search>
			<add position="after">
				<![CDATA[
				$data['compare'] = $this->url->link('product/compare');
				]]>
			</add>
		</operation>
	</file>
	<!-- languages -->
	<file path="catalog/language/en-gb/common/header.php">
		<operation>
			<search index="0"><![CDATA[$_['text_]]></search>
			<add position="after">
				<![CDATA[
				$_['text_compare'] = 'Compare (%s)';
				$_['call_us'] = 'call us:';
				$_['logo_desc'] = 'The best choice on the web';
				$_['login_form_title'] = 'Login form:';
				$_['login_register'] = 'or registration';
				]]>
			</add>
		</operation>
	</file>
	<file path="catalog/language/de-DE/common/header.php">
		<operation>
			<search index="0"><![CDATA[$_['text_]]></search>
			<add position="after">
				<![CDATA[
				$_['text_compare'] = 'Vergleich (%s)';
				$_['call_us'] = 'rufen uns:';
				$_['logo_desc'] = 'The best choice on the web';
				$_['login_form_title'] = 'Login form:';
				$_['login_register'] = 'or registration';
				]]>
			</add>
		</operation>
	</file>
	<file path="catalog/language/ru-ru/common/header.php">
		<operation>
			<search index="0"><![CDATA[$_['text_]]></search>
			<add position="after">
				<![CDATA[
				$_['text_compare'] = 'Сравнение (%s)';
				$_['call_us'] = 'звоните:';
				$_['logo_desc'] = 'The best choice on the web';
				$_['login_form_title'] = 'Login form:';
				$_['login_register'] = 'or registration';
				]]>
			</add>
		</operation>
	</file>
</modification>