<?xml version="1.0" encoding="utf-8"?>
<modification>
	<name>TemplateMonster Header Cart</name>
	<version>1.0</version>
	<author>http://www.templatemonster.com</author>
	<link>http://www.templatemonster.com</link>
	<code>TemplateMonster_cart</code>
	<file path="catalog/controller/common/cart.php">
		<operation>
			<search><![CDATA[ $data['text_loading'] = $this->language->get('text_loading'); ]]></search>
			<add position="after">
				<![CDATA[
				$data['text_items2'] = sprintf($this->language->get('text_items2'), $this->cart->countProducts() + (isset($this->session->data['vouchers']) ? count($this->session->data['vouchers']) : 0), $this->currency->format($total, $this->session->data['currency']));
				$data['text_shopping_cart'] = $this->language->get('text_shopping_cart');
				]]>
			</add>
		</operation>
	</file>
	<file path="catalog/controller/checkout/cart.php">
		<operation>
			<search><![CDATA[$json['total'] = sprintf($this->language->get('text_items'), $this->cart->countProducts() + (isset($this->session->data['vouchers']) ? count($this->session->data['vouchers']) : 0), $this->currency->format($total, $this->session->data['currency']));]]></search>
			<add position="after">
				<![CDATA[
				$json['total2'] = sprintf($this->language->get('text_items2'), $this->cart->countProducts() + (isset($this->session->data['vouchers']) ? count($this->session->data['vouchers']) : 0), $this->currency->format($total, $this->session->data['currency']));
				]]>
			</add>
		</operation>
	</file>
	<file path="catalog/language/en-gb/common/cart.php|catalog/language/en-gb/checkout/cart.php">
		<operation>
			<search><![CDATA[$_['text_items']]]></search>
			<add position="before">
				<![CDATA[
				$_['text_items2']    = '%s';
				$_['text_shopping_cart']    = 'Shopping Cart: ';
				]]>
			</add>
		</operation>
	</file>
	<file path="catalog/language/de-DE/common/cart.php|catalog/language/de-DE/checkout/cart.php">
		<operation>
			<search><![CDATA[$_['text_recurring']]]></search>
			<add position="before">
				<![CDATA[
				$_['text_shopping_cart']= 'Warenkorb: ';
				]]>
			</add>
		</operation>
	</file>
	<file path="catalog/language/ru-ru/common/cart.php|catalog/language/ru-ru/checkout/cart.php">
		<operation>
			<search><![CDATA[$_['text_recurring']]]></search>
			<add position="before">
				<![CDATA[
				$_['text_shopping_cart'] = 'Корзина: ';
				]]>
			</add>
		</operation>
	</file>
</modification>