<?xml version="1.0" encoding="utf-8"?>
<modification>
	<name>TemplateMonster Product Layout Type</name>
	<version>1.0</version>
	<author>http://www.templatemonster.com</author>
	<link>http://www.templatemonster.com</link>
	<code>product_layout_type</code>
	<!-- catalog -->
	<file path="catalog/controller/module/{bestseller,featured,latest,special}.php">
		<operation>
			<search><![CDATA[$data['button_compare'] = $this->language->get('button_compare');]]></search>
			<add position="after">
				<![CDATA[
				$data['layout_type']  = $setting['layout_type'];
				]]>
			</add>
		</operation>
	</file>
	<!-- admin -->
	<file path="admin/controller/module/{bestseller,featured,latest,special}.php">
		<operation>
			<search><![CDATA[$data['text_disabled'] = $this->language->get('text_disabled');]]></search>
			<add position="after">
				<![CDATA[
				$data['text_layout_carousel'] = $this->language->get('text_layout_carousel');
				$data['text_layout_static'] = $this->language->get('text_layout_static');
				]]>
			</add>
		</operation>
		<operation>
			<search><![CDATA[$data['entry_status'] = $this->language->get('entry_status');]]></search>
			<add position="after">
				<![CDATA[
				$data['entry_layout_type'] = $this->language->get('entry_layout_type');
				]]>
			</add>
		</operation>
		<operation>
			<search><![CDATA[if (isset($this->request->post['name'])) {]]></search>
			<add position="before">
				<![CDATA[
				if (isset($this->request->post['layout_type'])) {
				$data['layout_type'] = $this->request->post['layout_type'];
				} elseif (!empty($module_info)) {
				$data['layout_type'] = $module_info['layout_type'];
				} else {
				$data['layout_type'] = '';
				}
				]]>
			</add>
		</operation>
	</file>
	<file path="admin/view/template/module/{bestseller,featured,latest,special}.tpl">
		<operation>
			<search index="1"><![CDATA[<div class="form-group">]]></search>
			<add position="before">
				<![CDATA[
				<div class="form-group">
					<label class="col-sm-2 control-label" for="input-layout_type"><?php echo $entry_layout_type; ?></label>
					<div class="col-sm-10">
						<select name="layout_type" id="input-layout_type" class="form-control">
							<?php if ($layout_type) { ?>
							<option value="1" selected="selected"><?php echo $text_layout_carousel; ?></option>
							<option value="0"><?php echo $text_layout_static; ?></option>
							<?php } else { ?>
							<option value="1"><?php echo $text_layout_carousel; ?></option>
							<option value="0" selected="selected"><?php echo $text_layout_static; ?></option>
							<?php } ?>
						</select>
					</div>
				</div>
				]]>
			</add>
		</operation>
	</file>
	<!-- admin language -->
	<file path="admin/language/{en-gb,de-DE,ru-ru}/module/{bestseller,featured,latest,special}.php">
		<operation>
			<search><![CDATA[$_['text_edit']]]></search>
			<add position="before">
				<![CDATA[
				$_['text_layout_carousel'] = 'Carousel';
				$_['text_layout_static']   = 'Static';
				]]>
			</add>
		</operation>
		<operation>
			<search><![CDATA[$_['entry_status']]]></search>
			<add position="before">
				<![CDATA[
				$_['entry_layout_type']    = 'Layout Type';
				]]>
			</add>
		</operation>
	</file>
</modification>