<?xml version="1.0" encoding="utf-8"?>
<modification>
	<name>TemplateMonster Product</name>
	<version>1.0</version>
	<author>http://www.templatemonster.com</author>
	<link>http://www.templatemonster.com</link>
	<code>TemplateMonster_product</code>
	<file path="system/library/document.php">
		<operation>
			<search><![CDATA[private $scripts = array();]]></search>
			<add position="after">
				<![CDATA[
				private $addThisMeta = array();

				public function add_AddThisMeta($property, $content) {
				$this->addThisMeta[$property] = array(
				'property' => $property,
				'content'  => $content
				);
				}

				public function get_AddThisMeta() {
				return $this->addThisMeta;
				}
				]]>
			</add>
		</operation>
	</file>
	<file path="catalog/controller/common/header.php">
		<operation>
			<search><![CDATA[$data['scripts'] = $this->document->getScripts();]]></search>
			<add position="after">
				<![CDATA[
				$data['add_this_meta'] = $this->document->get_AddThisMeta();
				]]>
			</add>
		</operation>
	</file>
	<file path="catalog/controller/product/product.php">
		<operation>
			<search><![CDATA[$data['description'] = html_entity_decode($product_info['description'], ENT_QUOTES, 'UTF-8');]]></search>
			<add position="replace">
				<![CDATA[
				$desc = html_entity_decode($product_info['description'], ENT_QUOTES, 'UTF-8');
				$pos = strpos($desc,'<iframe');
				if (is_int($pos)) {
				$pos2 = strpos($desc, '</iframe>') + 9;
				$video = substr($desc, $pos, $pos2);
				$data['video'] = $video;
				$data['description'] = str_replace($video, '', $desc);
				if (method_exists($this->document, 'add_AddThisMeta')) {
				$this->document->add_AddThisMeta('description', str_replace('"', '\'', strip_tags($data['description'])));
				}
				} else{
				$data['video'] = '';
				$data['description'] = $desc;
				if (method_exists($this->document, 'add_AddThisMeta')) {
				$this->document->add_AddThisMeta('description', str_replace('"', '\'', strip_tags($data['description'])));
				}
				}
				]]>
			</add>
		</operation>
		<operation>
			<search><![CDATA[$data['popup'] = $this->model_tool_image->resize]]></search>
			<add position="after">
				<![CDATA[
				if (method_exists($this->document, 'add_AddThisMeta')) {
				$this->document->add_AddThisMeta('image', $data['popup']);
				}
				]]>
			</add>
		</operation>
		<operation>
			<search><![CDATA[$data['tab_attribute'] = $this->language->get('tab_attribute');]]></search>
			<add position="before">
				<![CDATA[ 
				$data['tab_video'] = $this->language->get('tab_video');
				]]>
			</add>
		</operation>
		<operation>
			<search><![CDATA[$data['points'] = $product_info['points'];]]></search>
			<add position="after">
				<![CDATA[ 
				$data['stock_status'] = $product_info['quantity'];
				]]>
			</add>
		</operation>
		<operation>
			<search><![CDATA[$data['images'] = array();]]></search>
			<add position="after">
				<![CDATA[
				$data['image_additional_width'] = $this->config->get($this->config->get('config_theme') . '_image_additional_width');

				if ($product_info['image']) {
				$data['images'][] = array(
				'popup' => $this->model_tool_image->resize($product_info['image'], $this->config->get($this->config->get('config_theme') . '_image_popup_width'), $this->config->get($this->config->get('config_theme') . '_image_popup_height')),
				'thumb' => $this->model_tool_image->resize($product_info['image'], $this->config->get($this->config->get('config_theme') . '_image_thumb_width'), $this->config->get($this->config->get('config_theme') . '_image_thumb_height')),
				'additional' => $this->model_tool_image->resize($product_info['image'], $this->config->get($this->config->get('config_theme') . '_image_additional_width'), $this->config->get($this->config->get('config_theme') . '_image_additional_height'))
				);
				}
				]]>
			</add>
		</operation>
		<operation>
			<search><![CDATA['thumb' => $this->model_tool_image->resize($result['image'], $this->config->get($this->config->get('config_theme') . '_image_additional_width'), $this->config->get($this->config->get('config_theme') . '_image_additional_height'))]]></search>
			<add position="replace">
				<![CDATA[
				'thumb' => $this->model_tool_image->resize($result['image'], $this->config->get($this->config->get('config_theme') . '_image_thumb_width'), $this->config->get($this->config->get('config_theme') . '_image_thumb_height')),
				'additional' => $this->model_tool_image->resize($result['image'], $this->config->get($this->config->get('config_theme') . '_image_additional_width'), $this->config->get($this->config->get('config_theme') . '_image_additional_height'))
				]]>
			</add>
		</operation>
		<operation>
			<search><![CDATA[$data['breadcrumbs'] = array();]]></search>
			<add position="before">
				<![CDATA[
				$this->document->addScript('catalog/view/theme/' . $this->config->get($this->config->get('config_theme') . '_directory') . '/js/jquery.elevatezoom.js', 'footer');
				]]>
			</add>
		</operation>
	</file>
	<file path="catalog/language/en-gb/product/product.php">
		<operation>
			<search><![CDATA[ $_['tab_review']               = 'Reviews (%s)';]]></search>
			<add position="before">
				<![CDATA[ 
				$_['tab_video']               = 'Video';
				]]>
			</add>
		</operation>
	</file>
</modification>