<?xml version="1.0" encoding="utf-8"?>
<modification>
	<name>TemplateMonster Promo Banner</name>
	<version>1.0</version>
	<author>http://www.templatemonster.com</author>
	<link>http://www.templatemonster.com</link>
	<code>TemplateMonster_promobanner</code>
	<file path="admin/view/template/design/layout_form.tpl">
		<operation>
			<search><![CDATA[<?php if ($layout_module['position'] == 'content_top') { ?>]]></search>
			<add position="before">
				<![CDATA[
				<?php if ($layout_module['position'] == 'promobanner') { ?>
				<option value="promobanner" selected="selected"><?php echo $text_promobanner; ?></option>
				<?php } else { ?>
				<option value="promobanner"><?php echo $text_promobanner; ?></option>
				<?php } ?>
				]]>
			</add>
		</operation>
		<operation>
			<search><![CDATA[html += '    <option value="content_top"><?php echo $text_content_top; ?></option>';]]></search>
			<add position="after">
				<![CDATA[
				html += '    <option value="promobanner"><?php echo $text_promobanner; ?></option>';
				]]>
			</add>
		</operation>
	</file>
	<file path="admin/controller/design/layout.php">
		<operation>
			<search><![CDATA[$data['text_content_top'] = $this->language->get('text_content_top');]]></search>
			<add position="after">
				<![CDATA[
				$data['text_promobanner'] = $this->language->get('text_promobanner');
				]]>
			</add>
		</operation>
	</file>
	<file path="admin/language/en-gb/design/layout.php">
		<operation>
			<search><![CDATA[$_['text_content_top']    = 'Content Top';]]></search>
			<add position="after"><![CDATA[
				$_['text_promobanner']    = 'Promobanner';
				]]>
			</add>
		</operation>
	</file>
	<file path="catalog/controller/common/header.php">
		<operation>
			<search><![CDATA[$data['base'] = $server;]]></search>
			<add position="before"><![CDATA[
				$data['promobanner'] = $this->load->controller('common/promobanner');
				]]>
			</add>
		</operation>
	</file>
</modification>