<?xml version="1.0" encoding="utf-8"?>
<modification>
	<name>TemplateMonster Lazy load</name>
	<version>1.0</version>
	<author>http://www.templatemonster.com</author>
	<link>http://www.templatemonster.com</link>
	<code>TemplateMonster_lazy_load</code>
	<file path="catalog/controller/module/{featured,bestseller,latest,special}.php">
		<operation>
			<search><![CDATA[ 'thumb'       => $image,]]></search>
			<add position="after">
				<![CDATA[
				'img-width'  => $setting['width'],
				'img-height' => $setting['height'],
				]]>
			</add>
		</operation>
	</file>
	<file path="catalog/controller/product/{category,manufacturer,product,search,special}.php">
		<operation>
			<search><![CDATA['thumb'       => $image,]]></search>
			<add position="after">
				<![CDATA[
				'img-width'  => $this->config->get($this->config->get('config_theme') . '_image_related_width'),
				'img-height' => $this->config->get($this->config->get('config_theme') . '_image_related_height'),
				]]>
			</add>
		</operation>
	</file>
</modification>